[
  {
    "id": "f70030de-33b5-4899-806a-b94d91b58b1a",
    "data": [
      {
        "text": "Zeige mir eine Karte vom Skigebiet",
        "userDefined": false
      }
    ],
    "isTemplate": false,
    "count": 1,
    "updated": 1542095417
  },
  {
    "id": "56865bd6-1f2f-4f6e-ab39-283e823909cd",
    "data": [
      {
        "text": "Ich brauche eine Karte von Gebiet ",
        "userDefined": false
      },
      {
        "text": "Obertauern",
        "alias": "skiresort",
        "meta": "@skiresort",
        "userDefined": true
      }
    ],
    "isTemplate": false,
    "count": 0,
    "updated": 1542095417
  },
  {
    "id": "e25d28bc-663c-40d9-923e-ef417c5affb5",
    "data": [
      {
        "text": "Bitte zeige mir das Skiresort ",
        "userDefined": false
      },
      {
        "text": "Obertauern",
        "alias": "skiresort",
        "meta": "@skiresort",
        "userDefined": true
      },
      {
        "text": " an",
        "userDefined": false
      }
    ],
    "isTemplate": false,
    "count": 0,
    "updated": 1542095417
  },
  {
    "id": "83a58ae2-e829-4bed-b303-67f1b337bd68",
    "data": [
      {
        "text": "Karte ",
        "userDefined": false
      },
      {
        "text": "Obertauern",
        "alias": "skiresort",
        "meta": "@skiresort",
        "userDefined": true
      }
    ],
    "isTemplate": false,
    "count": 0,
    "updated": 1542095417
  }
]